P. Name,P. Zone Class,P. Mass Class,P. Composition Class,P. Atmosphere Class,P. Density (EU),P. Gravity (EU),P. Esc Vel (EU),P. SFlux Min (EU),P. SFlux Mean (EU),P. SFlux Max (EU),P. Teq Max (K),P. Mag,P. Appar Size (deg),P. Eccentricity,P. Mean Distance (AU),P. Omega (deg),S. Mass (SU),S. Teff (K),S. [Fe/H],S. Age (Gyrs),S. Appar Mag,S. Distance (pc),S. RA (hrs),S. DEC (deg),S. Mag from Planet,S. Size from Planet (deg),S. No. Planets,S. No. Planets HZ,S. Hab Zone Max (AU),P. HZD,P. HZC,P. HZA,P. HZI,P. SPH,P. ESI,S. HabCat,P. Habitable,P. Hab Moon,P. Confirmed,P. Habitable Class
GJ 163 c,Warm,Superterran,rocky-iron,metals-rich,1.19,2.17,1.99,0.5515569,0.6630019,0.804139,241.3,-18.05,3.48,0.09,0.12,235.4,0.4,3840.0,-0.06027140851661208,3.0,11.8,15.0,4.1544,-53.3736,-26.3,0.9881,3,1,0.212,-0.34,-0.14,0.81,0.53,0.08,0.73,0,1,0,1,psychroplanet
GJ 667 C e,Warm,Terran,rocky-iron,metals-rich,0.99,1.39,1.39,0.290249,0.3020295,0.3144201,190.8,-16.59,2.65,0.02,0.21,28.6,0.33,3350.0,-0.55,2.0,10.2,6.8,17.3158,-34.9897,-25.4,0.8714,6,3,0.251,0.51,-0.16,0.23,0.63,0.0,0.6,0,1,0,0,psychroplanet
GJ 667 C f,Warm,Terran,rocky-iron,metals-rich,0.99,1.39,1.39,0.5306531,0.5632069000000001,0.5983137,224.1,-17.28,2.65,0.03,0.16,103.0,0.33,3350.0,-0.55,2.0,10.2,6.8,17.3158,-34.9897,-26.1,1.19,6,3,0.251,-0.22,-0.16,0.08,0.78,0.0,0.77,0,1,0,0,psychroplanet
GJ 682 c,Warm,Superterran,rocky-iron,hydrogen-rich,1.24,2.37,2.13,0.3020603,0.3673006,0.45118450000000004,208.8,-17.51,3.64,0.1,0.18,320.9,0.27,3028.0,-0.06027140851661208,4.184758828596038,13.4,5.08,17.6177,-43.6808,-25.6,1.1831,2,1,0.232,0.23,-0.14,1.19,0.45,0.0,0.59,0,1,0,0,psychroplanet
GJ 3293 d,Warm,Superterran,rocky-iron,metals-rich,1.2,2.22,2.03,0.44768679999999994,0.5656049,0.7251003,235.1,-17.91,3.52,0.12,0.19,322.0,0.42,3466.0,0.02,4.184758828596038,12.0,17.9,4.4767,-25.1692,-26.1,1.1179,4,2,0.309,-0.21,-0.14,0.91,0.52,0.0,0.7,0,1,0,1,psychroplanet
HD 40307 g,Warm,Superterran,rocky-iron,metals-rich,1.18,2.15,1.98,0.3895282,0.6771687,1.285592,271.3,-18.1,3.45,0.29,0.57,91.2,0.77,4977.0,-0.31,1.2,7.2,12.8,5.9011,-60.0233,-26.4,0.6042,6,1,0.917,-0.15,-0.14,0.77,0.56,0.04,0.74,1,1,0,0,psychroplanet
Kapteyn b,Warm,Terran,rocky-iron,metals-rich,1.09,1.79,1.71,0.2900587,0.4342851,0.6803408000000001,231.4,-17.37,3.11,0.21,0.16,80.4,0.28,3550.0,-0.86,8.0,8.8,3.91,5.1947,-45.0183,-25.8,0.9409,2,1,0.232,0.12,-0.15,0.57,0.63,0.0,0.67,0,1,0,0,psychroplanet
Kepler-62 f,Warm,Terran,rocky-iron,metals-rich,1.0,1.41,1.41,0.388223,0.388223,0.388223,201.1,-16.89,2.68,0.0,0.72,0.0,0.69,4869.0,-0.21,7.0,14.0,368.0,18.8808,45.3499,-25.7,0.4676,5,2,0.857,0.45,-0.16,0.19,0.66,0.0,0.67,0,1,0,1,psychroplanet
Kepler-150 f,Warm,Superterran,gas,metals-rich,0.19,0.68,1.57,0.4927213,0.4927213,0.4927214,213.4,-19.22,6.92,0.0,1.24,0.0,0.63,5560.0,-0.136,4.184758828596038,13.4,973.0,19.2156,40.5209,-26.0,0.404,5,1,1.569,0.28,2.88,0.35,0.26,0.0,0.53,0,0,0,1,psychroplanet
Kepler-174 d,Warm,Superterran,rocky-iron,hydrogen-rich,1.42,3.1,2.6,0.42675159999999995,0.42675159999999995,0.42675169999999996,205.9,-17.95,4.15,0.0,0.68,0.0,0.68,4880.0,-0.556,4.184758828596038,13.4,360.0,19.1626,43.8321,-25.8,0.488,3,1,0.846,0.32,-0.13,1.77,0.36,0.0,0.61,0,1,0,1,psychroplanet
Kepler-296 f,Warm,Superterran,rocky-iron,metals-rich,1.15,2.01,1.87,0.2687829,0.3395788,0.4353369000000001,206.9,-17.22,3.33,0.12,0.28,0.0,0.45,3572.0,-0.12,4.2,10.1,226.0,19.1027,49.4373,-25.6,0.8155,5,2,0.34700000000000003,0.4,-0.14,0.86,0.51,0.0,0.6,0,1,0,1,psychroplanet
Kepler-442 b,Warm,Terran,rocky-iron,metals-rich,0.97,1.3,1.32,0.6466799,0.6999820999999999,0.7589214,237.8,-17.42,2.55,0.04,0.41,0.0,0.61,4402.0,-0.37,2.9,7.7,342.0,19.0244,39.2801,-26.3,0.7685,1,1,0.6809999999999999,-0.34,-0.16,-0.06,0.73,0.04,0.84,0,1,0,1,psychroplanet
Kepler-1229 b,Warm,Terran,rocky-iron,metals-rich,0.99,1.39,1.4,0.4901548,0.4901549,0.4901549,213.2,-17.13,2.66,0.0,0.31,0.0,0.54,3784.0,-0.06027140851661208,3.72,15.5,236.0,19.8324,46.9967,-26.0,0.8699,1,1,0.456,-0.03,-0.16,0.12,0.83,0.0,0.73,0,1,0,1,psychroplanet
Kepler-1652 b,Warm,Terran,rocky-iron,metals-rich,0.9,1.01,1.06,0.6504719,0.650472,0.6504722,228.8,-16.95,2.13,0.0,0.16,0.0,0.36,3482.0,-0.1,4.184758828596038,13.4,252.0,19.6244,49.9151,-26.3,1.1835,1,1,0.27,-0.35,-0.17,-0.37,0.65,0.0,0.85,0,1,0,1,psychroplanet
LHS 1140 b,Warm,Terran,rocky-iron,hydrogen-rich,2.26,3.23,2.15,0.23418049999999999,0.4071072,0.7728854000000001,238.9,-17.03,2.72,0.29,0.08,0.0,0.15,3131.0,-0.24,5.0,14.2,12.47,0.7497,-15.2714,-25.8,1.1837,1,1,0.118,0.18,-0.82,1.17,0.41,0.0,0.68,0,1,0,1,psychroplanet
Proxima Cen b,Warm,Terran,rocky-iron,metals-rich,0.9,1.01,1.07,0.6562118,0.6562118,0.6562119000000001,229.3,-16.96,2.13,0.0,0.05,0.0,0.12,3050.0,-0.06027140851661208,4.184758828596038,11.1,1.29,14.4953,-62.6794,-26.3,1.5493,1,1,0.086,-0.39,-0.17,-0.37,0.64,0.0,0.85,0,1,0,1,psychroplanet
TRAPPIST-1 e,Warm,Terran,rocky-iron,metals-rich,0.82,0.76,0.83,0.6544079,0.654408,0.6544082,229.1,-16.52,1.74,0.0,0.03,0.0,0.08,2550.0,0.04,0.5,18.8,12.1,23.1081,-5.0414,-26.3,2.2135,7,4,0.051,-0.42,-0.15,-0.67,0.56,0.0,0.85,0,1,0,1,psychroplanet
TRAPPIST-1 f,Warm,Terran,rocky-water,metals-rich,0.59,0.61,0.8,0.3772893,0.3772893,0.3772893,199.7,-16.2,1.98,0.0,0.04,0.0,0.08,2550.0,0.04,0.5,18.8,12.1,23.1081,-5.0414,-25.7,1.6807,7,4,0.051,0.14,0.27,-0.64,0.59,0.0,0.68,0,1,0,1,psychroplanet
Kepler-283 c,Warm,Superterran,rocky-iron,metals-rich,1.18,2.14,1.97,0.898436,0.8984360999999998,0.8984360999999998,248.0,-18.36,3.45,0.0,0.34,0.0,0.62,4351.0,-0.26,4.184758828596038,13.4,534.0,19.5742,47.839,-26.6,0.8908,2,1,0.6459999999999999,-0.58,-0.14,0.69,0.52,0.85,0.79,0,1,0,1,mesoplanet
Kepler-1552 b,Warm,Superterran,rocky-iron,hydrogen-rich,1.68,4.14,3.2,1.105641,1.105641,1.105641,261.2,-19.25,4.68,0.0,0.6,0.0,0.85,5202.0,-0.06027140851661208,3.31,14.8,618.0,19.4451,38.8749,-26.8,0.6913,1,1,1.176,-0.68,-0.11,2.09,0.31,0.45,0.7,0,1,0,1,mesoplanet
Kepler-452 b,Warm,Superterran,rocky-iron,metals-rich,1.09,1.77,1.7,1.109832,1.109832,1.109833,261.5,-18.35,3.1,0.0,1.05,0.0,1.04,5757.0,0.21,6.0,13.4,430.0,19.7336,44.2776,-26.8,0.5655,1,1,1.952,-0.61,-0.15,0.3,0.59,0.93,0.83,0,1,0,1,mesoplanet
Kepler-438 b,Warm,Terran,rocky-iron,metals-rich,0.9,1.01,1.06,1.298292,1.3779370000000002,1.46383,280.2,-17.77,2.13,0.03,0.17,0.0,0.54,3748.0,0.16,4.4,9.6,145.0,18.7764,41.9511,-27.1,1.4871,1,1,0.407,-0.94,-0.17,-0.49,0.48,0.5,0.88,0,1,0,1,mesoplanet
Kepler-62 e,Warm,Superterran,rocky-iron,metals-rich,1.08,1.74,1.68,1.097676,1.097676,1.097677,260.8,-18.32,3.07,0.0,0.43,0.0,0.69,4869.0,-0.21,7.0,14.0,368.0,18.8808,45.3499,-26.8,0.7863,5,2,0.857,-0.7,-0.15,0.28,0.56,0.96,0.83,0,1,0,1,mesoplanet
GJ 667 C c,Warm,Terran,rocky-iron,metals-rich,1.05,1.61,1.57,0.8427715,0.8769776,0.9129552,249.0,-17.97,2.92,0.02,0.12,292.0,0.33,3350.0,-0.55,2.0,10.2,6.8,17.3158,-34.9897,-26.6,1.4848,6,3,0.251,-0.62,-0.15,0.21,0.6,0.64,0.84,0,1,0,1,mesoplanet
Kepler-1544 b,Warm,Superterran,rocky-iron,metals-rich,1.16,2.07,1.92,0.9021728000000001,0.9021728999999999,0.902173,248.3,-18.32,3.38,0.0,0.56,0.0,0.81,4886.0,-0.06027140851661208,2.34,14.1,349.0,19.819000000000006,49.2125,-26.6,0.7079,1,1,1.012,-0.53,-0.14,0.63,0.55,0.85,0.8,0,1,0,1,mesoplanet
Kepler-61 b,Warm,Superterran,rocky-iron,hydrogen-rich,1.39,2.99,2.54,0.7885342,1.272237,2.1899319999999998,309.9,-19.14,4.09,0.25,0.26,0.0,0.64,4017.0,0.03,1.0,15.0,326.0,19.6869,42.4753,-27.0,1.2639,1,1,0.614,-0.84,-0.13,1.24,0.4,0.27,0.73,0,1,0,1,mesoplanet
Kepler-1090 b,Warm,Superterran,rocky-iron,hydrogen-rich,1.47,3.32,2.73,1.20485,1.20485,1.2048510000000001,266.9,-19.15,4.28,0.0,0.63,0.0,0.86,5321.0,-0.06027140851661208,4.37,15.0,702.0,19.7109,44.5258,-26.9,0.6898,1,1,1.28,-0.74,-0.12,1.5,0.37,0.23,0.72,0,1,0,1,mesoplanet
Kepler-22 b,Warm,Superterran,rocky-iron,hydrogen-rich,1.57,3.68,2.94,1.1060290000000002,1.1060290000000002,1.1060290000000002,261.3,-19.15,4.47,0.0,0.85,0.0,0.97,5518.0,-0.29,9.9,12.0,190.0,19.2811,47.8844,-26.8,0.6145,1,1,1.615,-0.64,-0.12,1.79,0.34,0.53,0.71,0,1,0,1,mesoplanet
Kepler-1410 b,Warm,Superterran,rocky-iron,metals-rich,1.16,2.07,1.92,1.344376,1.344376,1.344376,274.3,-18.76,3.38,0.0,0.26,0.0,0.63,4092.0,-0.06027140851661208,4.07,15.8,367.0,19.3673,38.7435,-27.1,1.232,1,1,0.614,-0.91,-0.14,0.51,0.49,0.11,0.78,0,1,0,1,mesoplanet
Kepler-296 e,Warm,Terran,rocky-iron,metals-rich,1.03,1.52,1.5,1.005184,1.2222879999999998,1.501434,282.0,-18.25,2.81,0.1,0.15,0.0,0.45,3572.0,-0.12,4.2,10.1,226.0,19.1027,49.4373,-27.0,1.5455,5,2,0.34700000000000003,-0.86,-0.16,0.04,0.53,0.75,0.85,0,1,0,1,mesoplanet
Kepler-1638 b,Warm,Superterran,rocky-iron,metals-rich,1.21,2.26,2.06,1.3873799999999998,1.3873799999999998,1.387381,276.5,-18.9,3.56,0.0,0.79,0.0,0.97,5710.0,-0.06027140851661208,4.37,14.8,879.0,19.6988,48.5244,-27.1,0.6427,1,1,1.65,-0.81,-0.14,0.66,0.49,0.02,0.76,0,1,0,1,mesoplanet
tau Cet e,Warm,Terran,rocky-iron,metals-rich,1.07,1.7,1.64,1.369828,1.512054,1.673311,289.8,-18.64,3.02,0.05,0.55,313.5,0.78,5344.0,-0.55,5.8,3.5,3.65,1.7344,-15.9375,-27.2,0.7665,7,1,1.246,-0.92,-0.15,0.16,0.51,0.0,0.78,0,1,0,0,mesoplanet
GJ 3323 b,Warm,Terran,rocky-iron,metals-rich,0.95,1.23,1.25,0.776563,1.207001,1.981179,302.3,-17.95,2.44,0.23,0.03,0.0,0.16,3159.0,-0.27,4.184758828596038,12.2,5.32,5.0326,-6.9461,-27.0,1.9856,2,1,0.077,-0.84,-0.16,-0.25,0.53,0.97,0.89,0,1,0,1,mesoplanet
K2-18 b,Warm,Superterran,rocky-iron,hydrogen-rich,1.46,3.28,2.71,0.9243239999999999,0.9243239999999999,0.9243242,249.8,-18.85,4.26,0.0,0.15,0.0,0.41,3503.0,0.09,4.184758828596038,13.5,34.0,11.504,7.5884,-26.6,1.394,2,1,0.304,-0.66,-0.12,1.59,0.37,1.0,0.73,0,1,0,1,mesoplanet
GJ 180 b,Warm,Superterran,rocky-iron,metals-rich,1.22,2.32,2.09,0.9960187,1.234564,1.549138,284.2,-18.8,3.6,0.11,0.1,11.5,0.43,3371.0,-0.06027140851661208,4.184758828596038,10.9,11.69,4.8972,-17.7734,-27.0,1.745,2,2,0.244,-0.87,-0.14,0.74,0.46,0.41,0.75,0,1,0,0,mesoplanet
TRAPPIST-1 d,Warm,Subterran,rocky-iron,metals-rich,0.9,0.69,0.73,1.129725,1.129725,1.129725,262.7,-16.74,1.47,0.0,0.02,0.0,0.08,2550.0,0.04,0.5,18.8,12.1,23.1081,-5.0414,-26.9,2.9085,7,4,0.051,-0.84,-0.29,-0.86,0.45,0.9,0.9,0,1,0,1,mesoplanet
Kepler-431 d,Hot,Terran,rocky-iron,no-atmosphere,0.9,1.0,1.05,127.3108,127.3108,127.3108,855.8,-22.69,2.11,0.0,0.1,0.0,1.07,6004.0,0.07,4.184758828596038,13.4,424.0,18.7408,43.2278,-32.0,5.5710000000000015,3,0,2.045,-2.31,-0.17,-1.03,0.28,0.0,0.3,0,0,0,1,non-habitable
beta Cir b,Cold,Jovian,gas,hydrogen-rich,24.16,218.21,44.4,3.33E-07,3.33E-07,3.33E-07,6.1,-5.7,17.23,0.0,6656.0,0.0,1.96,8676.0,-0.06027140851661208,0.3670000000000001,13.4,30.56,15.2919,-58.8011,-10.5,0.0001,1,0,6.1389999999999985,3828.05,29.09,345.19,0.0,0.0,0.04,0,0,0,1,non-habitable
Kepler-735 b,Hot,Neptunian,gas,metals-rich,0.19,0.57,1.3,43.72612,43.72612,43.72613,655.1,-23.65,5.6,0.0,0.09,0.0,0.85,5107.0,-0.06027140851661208,4.37,15.4,790.0,18.9793,46.1722,-30.9,4.512,1,0,1.172,-2.14,2.52,-0.75,0.23,0.0,0.24,0,0,0,1,non-habitable
GJ 328 b,Cold,Jovian,gas,hydrogen-rich,0.5,5.64,8.01,0.001041315,0.002103179,0.004922937,67.5,-15.84,21.77,0.37,4.18,0.0,0.69,3900.0,0.0,4.184758828596038,10.0,19.8,8.9189,1.5490000000000002,-20.1,0.0558,1,0,0.411,34.41,7.62,19.05,0.02,0.0,0.1,0,0,0,1,non-habitable
BD+15 2940 b,Hot,Jovian,gas,hydrogen-rich,0.31,3.23,5.81,222.44,365.6481,644.7631,1283.8,-28.77,19.96,0.26,0.52,302.0,1.1,4796.0,0.28,7.1,9.2,585.0,16.0064,15.5469,-33.2,15.0953,1,0,19.521,-2.3,6.61,1.62,0.12,0.0,0.12,0,0,0,1,non-habitable
WASP-153 b,Hot,Jovian,gas,metals-rich,0.02,0.41,2.67,1425.689,1425.689,1425.689,1565.5,-31.32,33.46,0.0,0.05,0.0,1.34,5914.0,0.34,4.0,12.8,430.0,18.6175,40.0187,-34.7,19.2983,1,0,3.167,-2.43,14.63,-0.42,0.06,0.0,0.05,0,0,0,1,non-habitable
Kepler-299 c,Hot,Neptunian,gas,no-atmosphere,0.19,0.5,1.15,193.3686,193.3686,193.3686,950.0,-25.04,5.02,0.0,0.07,0.0,0.97,5617.0,-0.052000000000000005,4.184758828596038,13.4,424.0,18.8805,48.5805,-32.5,7.8476,4,0,1.745,-2.32,2.43,-1.01,0.22,0.0,0.23,0,0,0,1,non-habitable
Kepler-583 b,Hot,Superterran,rocky-iron,metals-rich,1.49,3.39,2.78,154.8073,154.8074,154.8074,898.7,-24.47,4.32,0.0,0.07,0.0,0.94,5523.0,-0.06027140851661208,4.47,14.8,805.0,18.8074,42.3545,-32.2,7.2619,1,0,1.503,-2.3,-0.12,0.06,0.3,0.0,0.25,0,0,0,1,non-habitable
Kepler-269 b,Hot,Superterran,rocky-iron,metals-rich,1.68,4.14,3.2,259.7197,259.7197,259.7197,1022.8,-25.21,4.68,0.0,0.06,0.0,0.98,5847.0,0.02,4.184758828596038,13.4,424.0,19.3477,41.776,-32.8,8.3944,2,0,1.7280000000000002,-2.36,-0.11,0.2,0.3,0.0,0.24,0,0,0,1,non-habitable
Kepler-333 b,Hot,Terran,rocky-iron,metals-rich,0.97,1.28,1.3,10.95553,10.95554,10.95554,463.5,-20.39,2.51,0.0,0.09,0.0,0.54,4259.0,-0.472,4.184758828596038,13.4,424.0,19.4857,40.9136,-29.3,3.2469,2,0,0.58,-1.83,-0.16,-0.56,0.34,0.0,0.4,0,0,0,1,non-habitable
Kepler-184 c,Hot,Superterran,rocky-iron,metals-rich,1.27,2.5,2.22,38.33577,38.33577,38.33577,633.9,-22.63,3.75,0.0,0.14,0.0,0.91,5788.0,-0.338,4.184758828596038,13.4,424.0,19.4635,43.0747,-30.7,3.2887,3,0,1.5419999999999998,-2.16,-0.14,-0.02,0.32,0.0,0.29,0,0,0,1,non-habitable
NN Ser(AB) d,Cold,Jovian,gas,hydrogen-rich,0.49,5.6,7.98,0.01052546,0.01546662,0.02367831,99.9,-17.95,21.76,0.2,3.32,74.0,0.65,5480.118776483051,-0.06027140851661208,4.184758828596038,16.6,500.0,15.8822,12.9131,-22.2,4.8461,2,0,1.6869999999999998,13.44,7.61,14.51,0.05,0.0,0.11,0,0,0,1,non-habitable
HD 9578 b,Warm,Jovian,gas,hydrogen-rich,0.24,2.27,4.6,0.9203056,0.9203057,0.9203059,249.5,-21.95,17.77,0.0,1.27,0.0,1.12,5940.0,0.11,4.184758828596038,8.2,57.24,1.5547,-38.245,-26.6,0.4854,1,1,2.124,-0.4,5.81,3.9,0.12,0.0,0.5,0,0,0,1,non-habitable
Kepler-995 b,Hot,Neptunian,gas,metals-rich,0.19,0.52,1.18,14.48669,14.48669,14.48669,497.0,-22.26,5.13,0.0,0.17,0.0,0.83,5206.0,-0.06027140851661208,5.01,14.9,659.0,18.9744,39.131,-29.6,2.4988,1,0,1.208,-1.95,2.45,-0.71,0.24,0.0,0.3,0,0,0,1,non-habitable
Kepler-402 e,Hot,Terran,rocky-iron,metals-rich,1.02,1.48,1.47,188.3214,188.3214,188.3214,943.8,-23.71,2.77,0.0,0.1,0.0,1.12,6090.0,-0.22,4.184758828596038,13.4,424.0,19.2247,43.3546,-32.4,6.5867,4,0,2.41,-2.35,-0.16,-0.81,0.29,0.0,0.29,0,0,0,1,non-habitable
Kepler-593 b,Hot,Neptunian,gas,metals-rich,0.19,0.56,1.26,58.14111,58.14112,58.14113,703.5,-23.9,5.45,0.0,0.15,0.0,1.08,5967.0,-0.06027140851661208,3.63,14.6,1016.0,19.6634,48.6512,-31.2,3.8109,1,0,2.041,-2.22,2.5,-0.81,0.23,0.0,0.24,0,0,0,1,non-habitable
75 Cet b,Hot,Jovian,gas,hydrogen-rich,0.62,7.14,9.08,12.36982,12.36982,12.36982,477.8,-25.26,22.11,0.0,2.1,0.0,2.49,4846.0,0.0,4.184758828596038,5.4,81.5,2.5358,-1.035,-29.5,2.6648,1,0,14.175,-1.89,8.04,6.3,0.09,0.0,0.17,0,0,0,1,non-habitable
HD 19467 b,Cold,Jovian,gas,hydrogen-rich,21.27,195.54,42.4,0.000472974,0.000472974,0.000472974,37.6,-13.66,17.54,0.0,51.1,0.0,0.95,5680.0,-0.15,7.2,7.0,30.86,3.1219,-13.7617,-18.4,0.012,1,0,1.982,86.96,27.47,132.01,0.01,0.0,0.04,0,0,0,1,non-habitable
